<?xml version="1.0" encoding="UTF-8"?>
<metadata xml:lang="en"><Esri><CreaDate>20210219</CreaDate><CreaTime>14440300</CreaTime><ArcGISFormat>1.0</ArcGISFormat><SyncOnce>FALSE</SyncOnce><DataProperties><itemProps><itemName Sync="TRUE">CLUM_Commodities_2020</itemName><imsContentType Sync="TRUE">002</imsContentType><itemLocation><linkage Sync="TRUE">file://\\act001cl08fs02\ABARESNAS$\Shared_workspace\Land_Use\CLUM\Products\Draft\CLUM_Commodities_2020.shp</linkage><protocol Sync="TRUE">Local Area Network</protocol></itemLocation><itemSize Sync="TRUE">0.000</itemSize></itemProps><coordRef><type Sync="TRUE">Geographic</type><geogcsn Sync="TRUE">GCS_GDA_1994</geogcsn><csUnits Sync="TRUE">Angular Unit: Degree (0.017453)</csUnits><peXml Sync="TRUE">&lt;GeographicCoordinateSystem xsi:type='typens:GeographicCoordinateSystem' xmlns:xsi='http://www.w3.org/2001/XMLSchema-instance' xmlns:xs='http://www.w3.org/2001/XMLSchema' xmlns:typens='http://www.esri.com/schemas/ArcGIS/10.6'&gt;&lt;WKT&gt;GEOGCS[&amp;quot;GCS_GDA_1994&amp;quot;,DATUM[&amp;quot;D_GDA_1994&amp;quot;,SPHEROID[&amp;quot;GRS_1980&amp;quot;,6378137.0,298.257222101]],PRIMEM[&amp;quot;Greenwich&amp;quot;,0.0],UNIT[&amp;quot;Degree&amp;quot;,0.0174532925199433],AUTHORITY[&amp;quot;EPSG&amp;quot;,4283]]&lt;/WKT&gt;&lt;XOrigin&gt;-400&lt;/XOrigin&gt;&lt;YOrigin&gt;-400&lt;/YOrigin&gt;&lt;XYScale&gt;11258999068426.238&lt;/XYScale&gt;&lt;ZOrigin&gt;-100000&lt;/ZOrigin&gt;&lt;ZScale&gt;10000&lt;/ZScale&gt;&lt;MOrigin&gt;-100000&lt;/MOrigin&gt;&lt;MScale&gt;10000&lt;/MScale&gt;&lt;XYTolerance&gt;8.9831528411952133e-09&lt;/XYTolerance&gt;&lt;ZTolerance&gt;0.001&lt;/ZTolerance&gt;&lt;MTolerance&gt;0.001&lt;/MTolerance&gt;&lt;HighPrecision&gt;true&lt;/HighPrecision&gt;&lt;LeftLongitude&gt;-180&lt;/LeftLongitude&gt;&lt;WKID&gt;4283&lt;/WKID&gt;&lt;LatestWKID&gt;4283&lt;/LatestWKID&gt;&lt;/GeographicCoordinateSystem&gt;</peXml></coordRef><lineage><Process ToolSource="c:\program files\arcgis\pro\Resources\ArcToolbox\toolboxes\Data Management Tools.tbx\CopyFeatures" Date="20190813" Time="103156">CopyFeatures CLUM_Commodities_2018 "V:\projects\Land_use\clum_data\Data\Work\Commodities\2018 Commodities\2018 Commodities redo\2018 Commodities redo.gdb\ACT_Commods_all" # # # #</Process><Process ToolSource="c:\program files\arcgis\pro\Resources\ArcToolbox\toolboxes\Data Management Tools.tbx\MultipartToSinglepart" Date="20190813" Time="103231">MultipartToSinglepart ACT_Commods_all "V:\projects\Land_use\clum_data\Data\Work\Commodities\2018 Commodities\2018 Commodities redo\2018 Commodities redo.gdb\ACT_Commods_MultipartToS"</Process><Process ToolSource="c:\program files\arcgis\pro\Resources\ArcToolbox\Toolboxes\Data Management Tools.tbx\DeleteField" Date="20190814" Time="100120">DeleteField ACT\ACT_Commods_MultipartToS AREA_GEO</Process><Process ToolSource="c:\program files\arcgis\pro\Resources\ArcToolbox\toolboxes\Data Management Tools.tbx\CalculateField" Date="20190814" Time="101020">CalculateField ACT\ACT_Commods_MultipartToS Area_ha !shape.area@hectares! "Python 3" #</Process><Process ToolSource="c:\program files (x86)\arcgis\desktop10.6\ArcToolbox\Toolboxes\Data Management Tools.tbx\MultipartToSinglepart" Date="20201112" Time="163142">MultipartToSinglepart ACT_Commods_MultipartToS V:\projects\Land_use\clum_data\Data\Work\Commodities\2020_Commodities\ACT_commods.shp</Process><Process ToolSource="V:\projects\MCAS\NRM_toolkit_2010\Tools\MyToolbox.tbx\Merge" Date="20201113" Time="112048">Merge 'Merge all\ACT_commods';'Merge all\WA_commods';'Merge all\vic_commods_merge';'Merge all\sa_commods_merge';'Merge all\Qld_Commods';'Merge all\NSW_commods';'Merge all\NT_Commods';'Merge all\TAS_20201021_commods' T:\Shared_workspace\Land_Use\CLUM\Products\Draft\CLUM_Commodities_2020.shp "Commod_dsc "Commod_dsc" true true false 50 Text 0 0 ,First,#,Merge all\ACT_commods,Commod_dsc,-1,-1,Merge all\WA_commods,Commod_dsc,-1,-1,Merge all\vic_commods_merge,Commod_dsc,-1,-1,Merge all\sa_commods_merge,Commod_dsc,-1,-1,Merge all\Qld_Commods,Commod_dsc,-1,-1,Merge all\NSW_commods,Commod_dsc,-1,-1,Merge all\NT_Commods,Commod_dsc,-1,-1,Merge all\TAS_20201021_commods,Commod_dsc,-1,-1;Broad_type "Broad_type" true true false 50 Text 0 0 ,First,#,Merge all\ACT_commods,Broad_type,-1,-1,Merge all\WA_commods,Broad_type,-1,-1,Merge all\vic_commods_merge,Broad_type,-1,-1,Merge all\sa_commods_merge,Broad_type,-1,-1,Merge all\Qld_Commods,Broad_type,-1,-1,Merge all\NSW_commods,Broad_type,-1,-1,Merge all\NT_Commods,Broad_type,-1,-1,Merge all\TAS_20201021_commods,Broad_type,-1,-1;Source_yr "Source_yr" true true false 10 Long 0 10 ,First,#,Merge all\ACT_commods,Source_yr,-1,-1,Merge all\WA_commods,Source_yr,-1,-1,Merge all\vic_commods_merge,Source_yr,-1,-1,Merge all\sa_commods_merge,Source_yr,-1,-1,Merge all\Qld_Commods,Source_yr,-1,-1,Merge all\NSW_commods,Source_yr,-1,-1,Merge all\NT_Commods,Source_yr,-1,-1,Merge all\TAS_20201021_commods,Source_yr,-1,-1;State "State" true true false 5 Text 0 0 ,First,#,Merge all\ACT_commods,State,-1,-1,Merge all\WA_commods,State,-1,-1,Merge all\vic_commods_merge,State,-1,-1,Merge all\sa_commods_merge,State,-1,-1,Merge all\Qld_Commods,State,-1,-1,Merge all\NSW_commods,State,-1,-1,Merge all\NT_Commods,State,-1,-1,Merge all\TAS_20201021_commods,State,-1,-1;Area_ha "Area_ha" true true false 13 Float 0 0 ,First,#,Merge all\ACT_commods,Area_ha,-1,-1,Merge all\WA_commods,Area_ha,-1,-1,Merge all\sa_commods_merge,Area_ha,-1,-1,Merge all\Qld_Commods,Area_ha,-1,-1,Merge all\NSW_commods,Area_ha,-1,-1,Merge all\NT_Commods,Area_ha,-1,-1,Merge all\TAS_20201021_commods,Area_ha,-1,-1;Lucodev8n "Lucodev8n" true true false 10 Long 0 10 ,First,#,Merge all\ACT_commods,Lucodev8n,-1,-1,Merge all\WA_commods,Lucodev8n,-1,-1,Merge all\vic_commods_merge,Lucodev8n,-1,-1,Merge all\sa_commods_merge,Lucodev8n,-1,-1,Merge all\Qld_Commods,Lucodev8n,-1,-1,Merge all\NSW_commods,Lucodev8n,-1,-1,Merge all\NT_Commods,Lucodev8n,-1,-1,Merge all\TAS_20201021_commods,Lucodev8n,-1,-1;Tertiary "Tertiary" true true false 50 Text 0 0 ,First,#,Merge all\ACT_commods,Tertiary,-1,-1,Merge all\WA_commods,Tertiary,-1,-1,Merge all\vic_commods_merge,Tertiary,-1,-1,Merge all\sa_commods_merge,Tertiary,-1,-1,Merge all\Qld_Commods,Tertiary,-1,-1,Merge all\NSW_commods,Tertiary,-1,-1,Merge all\NT_Commods,Tertiary,-1,-1,Merge all\TAS_20201021_commods,Tertiary,-1,-1"</Process><Process ToolSource="c:\program files (x86)\arcgis\desktop10.6\ArcToolbox\Toolboxes\Data Management Tools.tbx\CalculateField" Date="20201113" Time="113738">CalculateField CLUM_Commodities_2020 Broad_type "Fruits" VB #</Process><Process ToolSource="c:\program files (x86)\arcgis\desktop10.6\ArcToolbox\Toolboxes\Data Management Tools.tbx\CalculateField" Date="20201113" Time="113925">CalculateField CLUM_Commodities_2020 Commod_dsc "pecans" VB #</Process><Process ToolSource="c:\program files (x86)\arcgis\desktop10.6\ArcToolbox\Toolboxes\Data Management Tools.tbx\CalculateField" Date="20201113" Time="113939">CalculateField CLUM_Commodities_2020 Broad_type "Nuts" VB #</Process><Process ToolSource="c:\program files (x86)\arcgis\desktop10.6\ArcToolbox\Toolboxes\Data Management Tools.tbx\CalculateField" Date="20201113" Time="114009">CalculateField CLUM_Commodities_2020 Broad_type "Cereals" VB #</Process><Process ToolSource="c:\program files (x86)\arcgis\desktop10.6\ArcToolbox\Toolboxes\Data Management Tools.tbx\CalculateField" Date="20201113" Time="131325">CalculateField CLUM_Commodities_2020 Broad_type "Fruits" VB #</Process><Process ToolSource="c:\program files (x86)\arcgis\desktop10.6\ArcToolbox\Toolboxes\Data Management Tools.tbx\CalculateField" Date="20201113" Time="131446">CalculateField CLUM_Commodities_2020 Broad_type "Vegetables and herbs" VB #</Process><Process ToolSource="c:\program files (x86)\arcgis\desktop10.6\ArcToolbox\Toolboxes\Data Management Tools.tbx\CalculateField" Date="20201113" Time="131528">CalculateField CLUM_Commodities_2020 Broad_type "Animals" VB #</Process><Process ToolSource="c:\program files (x86)\arcgis\desktop10.6\ArcToolbox\Toolboxes\Data Management Tools.tbx\CalculateField" Date="20201113" Time="132754">CalculateField CLUM_Commodities_2020 Broad_type "Vegetables and herbs" VB #</Process><Process ToolSource="c:\program files (x86)\arcgis\desktop10.6\ArcToolbox\Toolboxes\Data Management Tools.tbx\CalculateField" Date="20201113" Time="132834">CalculateField CLUM_Commodities_2020 Commod_dsc "avocados" VB #</Process><Process ToolSource="c:\program files (x86)\arcgis\desktop10.6\ArcToolbox\Toolboxes\Data Management Tools.tbx\CalculateField" Date="20201113" Time="132915">CalculateField CLUM_Commodities_2020 Broad_type "Vegetables and herbs" VB #</Process><Process ToolSource="c:\program files (x86)\arcgis\desktop10.6\ArcToolbox\Toolboxes\Data Management Tools.tbx\CalculateField" Date="20210218" Time="103818">CalculateField "CLUM Commodities 2020\Broad commodity type" date 2012 VB #</Process><Process ToolSource="c:\program files (x86)\arcgis\desktop10.6\ArcToolbox\Toolboxes\Data Management Tools.tbx\CalculateField" Date="20210218" Time="104254">CalculateField "CLUM Commodities 2020\Broad commodity type" date 2017 VB #</Process><Process ToolSource="c:\program files (x86)\arcgis\desktop10.6\ArcToolbox\Toolboxes\Data Management Tools.tbx\CalculateField" Date="20210218" Time="104406">CalculateField "CLUM Commodities 2020\Broad commodity type" date 2016 VB #</Process><Process ToolSource="c:\program files (x86)\arcgis\desktop10.6\ArcToolbox\Toolboxes\Data Management Tools.tbx\CalculateField" Date="20210218" Time="104716">CalculateField "CLUM Commodities 2020\Broad commodity type" date [Source_yr] VB #</Process><Process ToolSource="c:\program files (x86)\arcgis\desktop10.6\ArcToolbox\Toolboxes\Data Management Tools.tbx\CalculateField" Date="20210218" Time="105242">CalculateField "CLUM Commodities 2020\Broad commodity type" date 2019 VB #</Process><Process ToolSource="c:\program files (x86)\arcgis\desktop10.6\ArcToolbox\Toolboxes\Data Management Tools.tbx\CalculateField" Date="20210218" Time="105919">CalculateField "CLUM Commodities 2020\Broad commodity type" date 2008 VB #</Process><Process ToolSource="c:\program files (x86)\arcgis\desktop10.6\ArcToolbox\Toolboxes\Data Management Tools.tbx\CalculateField" Date="20210218" Time="110144">CalculateField "CLUM Commodities 2020\Broad commodity type" date 2011 VB #</Process><Process ToolSource="c:\program files (x86)\arcgis\desktop10.6\ArcToolbox\Toolboxes\Data Management Tools.tbx\CalculateField" Date="20210218" Time="110956">CalculateField "CLUM Commodities 2020\Broad commodity type" date 2012 VB #</Process><Process ToolSource="c:\program files (x86)\arcgis\desktop10.6\ArcToolbox\Toolboxes\Data Management Tools.tbx\CalculateField" Date="20210218" Time="111823">CalculateField "CLUM Commodities 2020\Broad commodity type" date 2013 VB #</Process><Process ToolSource="c:\program files (x86)\arcgis\desktop10.6\ArcToolbox\Toolboxes\Data Management Tools.tbx\CalculateField" Date="20210218" Time="122211">CalculateField "CLUM Commodities 2020\Broad commodity type" date 2014 VB #</Process><Process ToolSource="c:\program files (x86)\arcgis\desktop10.6\ArcToolbox\Toolboxes\Data Management Tools.tbx\CalculateField" Date="20210218" Time="122949">CalculateField "CLUM Commodities 2020\Broad commodity type" date 2015 VB #</Process><Process ToolSource="c:\program files (x86)\arcgis\desktop10.6\ArcToolbox\Toolboxes\Data Management Tools.tbx\CalculateField" Date="20210218" Time="133646">CalculateField "CLUM Commodities 2020\Broad commodity type" date 2016 VB #</Process><Process ToolSource="c:\program files (x86)\arcgis\desktop10.6\ArcToolbox\Toolboxes\Data Management Tools.tbx\CalculateField" Date="20210218" Time="141137">CalculateField "CLUM Commodities 2020\Broad commodity type" date 2017 VB #</Process></lineage></DataProperties><SyncDate>20201113</SyncDate><SyncTime>11201000</SyncTime><ModDate>20201113</ModDate><ModTime>11201000</ModTime><ArcGISstyle>ISO 19139 Metadata Implementation Specification</ArcGISstyle></Esri><dataIdInfo><envirDesc Sync="TRUE"> Version 6.2 (Build 9200) ; Esri ArcGIS 10.6.0.8321</envirDesc><dataLang><languageCode value="eng" Sync="TRUE"></languageCode><countryCode value="AUS" Sync="TRUE"></countryCode></dataLang><idCitation><resTitle Sync="TRUE">CLUM_Commodities_2020</resTitle><presForm><PresFormCd value="005" Sync="TRUE"></PresFormCd></presForm></idCitation><spatRpType><SpatRepTypCd value="001" Sync="TRUE"></SpatRepTypCd></spatRpType></dataIdInfo><mdLang><languageCode value="eng" Sync="TRUE"></languageCode><countryCode value="AUS" Sync="TRUE"></countryCode></mdLang><distInfo><distFormat><formatName Sync="TRUE">Shapefile</formatName></distFormat><distTranOps><transSize Sync="TRUE">0.000</transSize></distTranOps></distInfo><mdHrLv><ScopeCd value="005" Sync="TRUE"></ScopeCd></mdHrLv><mdHrLvName Sync="TRUE">dataset</mdHrLvName><refSysInfo><RefSystem><refSysID><identCode code="4283" Sync="TRUE"></identCode><idCodeSpace Sync="TRUE">EPSG</idCodeSpace><idVersion Sync="TRUE">8.3.4(3.0.1)</idVersion></refSysID></RefSystem></refSysInfo><spatRepInfo><VectSpatRep><geometObjs Name="CLUM_Commodities_2020"><geoObjTyp><GeoObjTypCd value="002" Sync="TRUE"></GeoObjTypCd></geoObjTyp><geoObjCnt Sync="TRUE">0</geoObjCnt></geometObjs><topLvl><TopoLevCd value="001" Sync="TRUE"></TopoLevCd></topLvl></VectSpatRep></spatRepInfo><spdoinfo><ptvctinf><esriterm Name="CLUM_Commodities_2020"><efeatyp Sync="TRUE">Simple</efeatyp><efeageom code="4" Sync="TRUE"></efeageom><esritopo Sync="TRUE">FALSE</esritopo><efeacnt Sync="TRUE">0</efeacnt><spindex Sync="TRUE">FALSE</spindex><linrefer Sync="TRUE">FALSE</linrefer></esriterm></ptvctinf></spdoinfo><eainfo><detailed Name="CLUM_Commodities_2020"><enttyp><enttypl Sync="TRUE">CLUM_Commodities_2020</enttypl><enttypt Sync="TRUE">Feature Class</enttypt><enttypc Sync="TRUE">0</enttypc></enttyp><attr><attrlabl Sync="TRUE">FID</attrlabl><attalias Sync="TRUE">FID</attalias><attrtype Sync="TRUE">OID</attrtype><attwidth Sync="TRUE">4</attwidth><atprecis Sync="TRUE">0</atprecis><attscale Sync="TRUE">0</attscale><attrdef Sync="TRUE">Internal feature number.</attrdef><attrdefs Sync="TRUE">Esri</attrdefs><attrdomv><udom Sync="TRUE">Sequential unique whole numbers that are automatically generated.</udom></attrdomv></attr><attr><attrlabl Sync="TRUE">Shape</attrlabl><attalias Sync="TRUE">Shape</attalias><attrtype Sync="TRUE">Geometry</attrtype><attwidth Sync="TRUE">0</attwidth><atprecis Sync="TRUE">0</atprecis><attscale Sync="TRUE">0</attscale><attrdef Sync="TRUE">Feature geometry.</attrdef><attrdefs Sync="TRUE">Esri</attrdefs><attrdomv><udom Sync="TRUE">Coordinates defining the features.</udom></attrdomv></attr><attr><attrlabl Sync="TRUE">Commod_dsc</attrlabl><attalias Sync="TRUE">Commod_dsc</attalias><attrtype Sync="TRUE">String</attrtype><attwidth Sync="TRUE">50</attwidth><atprecis Sync="TRUE">0</atprecis><attscale Sync="TRUE">0</attscale></attr><attr><attrlabl Sync="TRUE">Broad_type</attrlabl><attalias Sync="TRUE">Broad_type</attalias><attrtype Sync="TRUE">String</attrtype><attwidth Sync="TRUE">50</attwidth><atprecis Sync="TRUE">0</atprecis><attscale Sync="TRUE">0</attscale></attr><attr><attrlabl Sync="TRUE">Source_yr</attrlabl><attalias Sync="TRUE">Source_yr</attalias><attrtype Sync="TRUE">Integer</attrtype><attwidth Sync="TRUE">10</attwidth><atprecis Sync="TRUE">10</atprecis><attscale Sync="TRUE">0</attscale></attr><attr><attrlabl Sync="TRUE">State</attrlabl><attalias Sync="TRUE">State</attalias><attrtype Sync="TRUE">String</attrtype><attwidth Sync="TRUE">5</attwidth><atprecis Sync="TRUE">0</atprecis><attscale Sync="TRUE">0</attscale></attr><attr><attrlabl Sync="TRUE">Area_ha</attrlabl><attalias Sync="TRUE">Area_ha</attalias><attrtype Sync="TRUE">Single</attrtype><attwidth Sync="TRUE">13</attwidth><atprecis Sync="TRUE">0</atprecis><attscale Sync="TRUE">0</attscale></attr><attr><attrlabl Sync="TRUE">Lucodev8n</attrlabl><attalias Sync="TRUE">Lucodev8n</attalias><attrtype Sync="TRUE">Integer</attrtype><attwidth Sync="TRUE">10</attwidth><atprecis Sync="TRUE">10</atprecis><attscale Sync="TRUE">0</attscale></attr><attr><attrlabl Sync="TRUE">Tertiary</attrlabl><attalias Sync="TRUE">Tertiary</attalias><attrtype Sync="TRUE">String</attrtype><attwidth Sync="TRUE">50</attwidth><atprecis Sync="TRUE">0</atprecis><attscale Sync="TRUE">0</attscale></attr></detailed></eainfo><mdDateSt Sync="TRUE">20201113</mdDateSt></metadata>
